sample_id,Bacteroides,Prevotella,Faecalibacterium,Ruminococcus,Escherichia
S1,-1.0498192673599023,-2.995712273753988,-1.3862903611278907,-1.6094329124466003,-1.8971133182414368
