sample_id,Bacteroides,Prevotella,Faecalibacterium,Ruminococcus,Escherichia
S2,-2.3025750930440454,-0.91628823187728,-1.6094329124466003,-1.8971133182414368,-1.8971133182414368
