sample_id,Bacteroides,Prevotella,Faecalibacterium,Ruminococcus,Escherichia
S3,-0.6931451805619453,-2.3025750930440454,-1.8971133182414368,-1.8971133182414368,-2.3025750930440454
