sample_id,Bacteroides,Prevotella,Faecalibacterium,Ruminococcus,Escherichia
S4,-1.6094329124466003,-1.2039694709981583,-1.3862903611278907,-1.8971133182414368,-2.3025750930440454
