sample_id,Bacteroides,Prevotella,Faecalibacterium,Ruminococcus,Escherichia
S5,-0.7985054739980185,-2.995712273753988,-1.2039694709981583,-2.3025750930440454,-2.3025750930440454
