sample_id,Bacteroides,Prevotella,Faecalibacterium,Ruminococcus,Escherichia
S6,-1.8971133182414368,-1.0498192673599023,-1.6094329124466003,-1.6094329124466003,-2.3025750930440454
