sample_id,growth_rate
S1,3.1655401663460503
S2,1.3322452388439516
S3,3.623863898221567
S4,2.2488927025950023
S5,4.082187630097087
S6,1.7905689707194739
